id,first_name,last_name,email,gender
1,Lisa,Hill,lhill0@acquirethisname.com,Female
2,Helen,Mcdonald,hmcdonald1@phoca.cz,Female
3,Wanda,Stephens,wstephens2@rediff.com,Female
4,Virginia,Howell,vhowell3@bloglovin.com,Female
5,Jose,Garrett,jgarrett4@cnn.com,Male
6,Donna,Long,dlong5@discuz.net,Female
7,Philip,Perry,pperry6@sitemeter.com,Male
8,Jessica,Hughes,jhughes7@si.edu,Female
9,Earl,Wallace,ewallace8@latimes.com,Male
10,Nancy,Richards,nrichards9@feedburner.com,Female
11,Anna,Barnes,abarnesa@yandex.ru,Female
12,Fred,Andrews,fandrewsb@toplist.cz,Male
13,Richard,Stewart,rstewartc@umich.edu,Male
14,Jose,Perkins,jperkinsd@hp.com,Male
15,Julia,Vasquez,jvasqueze@state.gov,Female
16,Christopher,Morgan,cmorganf@blog.com,Male
17,Juan,Owens,jowensg@reddit.com,Male
18,Charles,Miller,cmillerh@nature.com,Male
19,Roy,Moore,rmoorei@census.gov,Male
20,Samuel,Rodriguez,srodriguezj@facebook.com,Male
21,Andrea,Nguyen,anguyenk@sphinn.com,Female
22,Helen,Black,hblackl@about.com,Female
23,Norma,Carroll,ncarrollm@godaddy.com,Female
24,Sean,Taylor,staylorn@cbslocal.com,Male
25,Joan,Cooper,jcoopero@mayoclinic.com,Female
26,Kathryn,Schmidt,kschmidtp@ibm.com,Female
27,Donald,Richards,drichardsq@theguardian.com,Male
28,Antonio,Nelson,anelsonr@sakura.ne.jp,Male
29,Gerald,Hart,gharts@earthlink.net,Male
30,Amanda,Morgan,amorgant@topsy.com,Female
31,Teresa,Hayes,thayesu@mediafire.com,Female
32,Edward,Carroll,ecarrollv@blogspot.com,Male
33,Keith,Fox,kfoxw@admin.ch,Male
34,Jesse,Myers,jmyersx@wordpress.org,Male
35,Kimberly,Harvey,kharveyy@theatlantic.com,Female
36,Frank,Marshall,fmarshallz@wix.com,Male
37,Chris,Jackson,cjackson10@chronoengine.com,Male
38,Andrew,Day,aday11@prweb.com,Male
39,Sara,Kelley,skelley12@narod.ru,Female
40,Brian,Martinez,bmartinez13@nydailynews.com,Male
41,Harry,Washington,hwashington14@typepad.com,Male
42,Kathy,Gomez,kgomez15@loc.gov,Female
43,Ernest,Bennett,ebennett16@ustream.tv,Male
44,Sara,Bryant,sbryant17@hud.gov,Female
45,Tina,Jones,tjones18@pen.io,Female
46,Donna,Montgomery,dmontgomery19@gravatar.com,Female
47,Antonio,Williamson,awilliamson1a@dropbox.com,Male
48,Gregory,Edwards,gedwards1b@ocn.ne.jp,Male
49,Kathy,Williams,kwilliams1c@rakuten.co.jp,Female
50,Ann,Larson,alarson1d@people.com.cn,Female
51,Dennis,Cooper,dcooper1e@phoca.cz,Male
52,Clarence,Romero,cromero1f@dion.ne.jp,Male
53,Doris,Torres,dtorres1g@hud.gov,Female
54,Raymond,Harper,rharper1h@state.gov,Male
55,Joe,Hunt,jhunt1i@yale.edu,Male
56,Ronald,Thompson,rthompson1j@1und1.de,Male
57,Jane,Turner,jturner1k@goo.ne.jp,Female
58,Rachel,Hawkins,rhawkins1l@umn.edu,Female
59,Gerald,Harrison,gharrison1m@exblog.jp,Male
60,Fred,Wheeler,fwheeler1n@comsenz.com,Male
61,Lawrence,Armstrong,larmstrong1o@home.pl,Male
62,Brandon,Mitchell,bmitchell1p@t.co,Male
63,Kenneth,Griffin,kgriffin1q@chron.com,Male
64,Gary,Diaz,gdiaz1r@netlog.com,Male
65,Daniel,Meyer,dmeyer1s@google.fr,Male
66,Lisa,Knight,lknight1t@msu.edu,Female
67,Wayne,Hudson,whudson1u@storify.com,Male
68,Anna,Alexander,aalexander1v@ca.gov,Female
69,Russell,Hanson,rhanson1w@shutterfly.com,Male
70,Jesse,Mills,jmills1x@smugmug.com,Male
71,Kevin,Jenkins,kjenkins1y@scribd.com,Male
72,Emily,Baker,ebaker1z@apple.com,Female
73,Janet,Little,jlittle20@pinterest.com,Female
74,Mark,Miller,mmiller21@ustream.tv,Male
75,Carolyn,Fisher,cfisher22@alibaba.com,Female
76,Phillip,Olson,polson23@jimdo.com,Male
77,Samuel,Collins,scollins24@shareasale.com,Male
78,Nicole,Peters,npeters25@umich.edu,Female
79,Wayne,George,wgeorge26@boston.com,Male
80,Susan,Hughes,shughes27@uol.com.br,Female
81,Susan,Hamilton,shamilton28@acquirethisname.com,Female
82,Russell,Henry,rhenry29@twitpic.com,Male
83,Jean,Oliver,joliver2a@yandex.ru,Female
84,Steve,Freeman,sfreeman2b@upenn.edu,Male
85,Jonathan,George,jgeorge2c@nymag.com,Male
86,Joseph,Wright,jwright2d@discuz.net,Male
87,Diane,Marshall,dmarshall2e@youtube.com,Female
88,Sharon,Dixon,sdixon2f@cam.ac.uk,Female
89,Raymond,Lawrence,rlawrence2g@networkadvertising.org,Male
90,Antonio,Cox,acox2h@cmu.edu,Male
91,Justin,Gordon,jgordon2i@ovh.net,Male
92,Walter,Knight,wknight2j@dailymotion.com,Male
93,Antonio,Henry,ahenry2k@issuu.com,Male
94,Eugene,Morris,emorris2l@php.net,Male
95,Philip,Fisher,pfisher2m@eventbrite.com,Male
96,Willie,Garcia,wgarcia2n@hc360.com,Male
97,Kenneth,Collins,kcollins2o@harvard.edu,Male
98,Andrew,Patterson,apatterson2p@gov.uk,Male
99,Kathleen,George,kgeorge2q@princeton.edu,Female
100,Edward,Franklin,efranklin2r@google.cn,Male
101,Barbara,Andrews,bandrews2s@51.la,Female
102,Scott,Henry,shenry2t@rambler.ru,Male
103,Martin,Carroll,mcarroll2u@wiley.com,Male
104,Amy,Cooper,acooper2v@state.tx.us,Female
105,Lillian,Washington,lwashington2w@cnbc.com,Female
106,Rebecca,Barnes,rbarnes2x@nasa.gov,Female
107,Roger,Mcdonald,rmcdonald2y@ox.ac.uk,Male
108,Harold,Wells,hwells2z@dailymotion.com,Male
109,Brenda,Hawkins,bhawkins30@over-blog.com,Female
110,Carolyn,Long,clong31@springer.com,Female
111,Anne,Davis,adavis32@census.gov,Female
112,Robin,Perkins,rperkins33@ed.gov,Female
113,Wayne,Hughes,whughes34@imdb.com,Male
114,Virginia,Gilbert,vgilbert35@gravatar.com,Female
115,Randy,Willis,rwillis36@quantcast.com,Male
116,Ronald,Carpenter,rcarpenter37@kickstarter.com,Male
117,Ernest,Hansen,ehansen38@earthlink.net,Male
118,Jeremy,Harrison,jharrison39@newsvine.com,Male
119,Jason,Scott,jscott3a@trellian.com,Male
120,Gloria,Torres,gtorres3b@umich.edu,Female
121,Bruce,Chapman,bchapman3c@goodreads.com,Male
122,Marie,Ellis,mellis3d@e-recht24.de,Female
123,Tina,Harrison,tharrison3e@tiny.cc,Female
124,Brenda,Day,bday3f@gmpg.org,Female
125,Ernest,Banks,ebanks3g@nsw.gov.au,Male
126,Jeremy,Murray,jmurray3h@cmu.edu,Male
127,Jessica,Perez,jperez3i@nba.com,Female
128,Alice,Jenkins,ajenkins3j@livejournal.com,Female
129,Joshua,Richardson,jrichardson3k@tamu.edu,Male
130,Patricia,Gray,pgray3l@topsy.com,Female
131,Jean,Cruz,jcruz3m@purevolume.com,Female
132,Fred,Stanley,fstanley3n@usatoday.com,Male
133,Arthur,Bryant,abryant3o@comcast.net,Male
134,Phyllis,Cunningham,pcunningham3p@ed.gov,Female
135,Carolyn,Bennett,cbennett3q@cnet.com,Female
136,Michelle,Patterson,mpatterson3r@plala.or.jp,Female
137,William,Berry,wberry3s@cbsnews.com,Male
138,Randy,Arnold,rarnold3t@sakura.ne.jp,Male
139,Rebecca,Bell,rbell3u@seesaa.net,Female
140,Ronald,Lane,rlane3v@scribd.com,Male
141,Kelly,Lewis,klewis3w@sciencedaily.com,Female
142,Brenda,Bennett,bbennett3x@deliciousdays.com,Female
143,Steven,Reed,sreed3y@cnn.com,Male
144,Gary,Lawrence,glawrence3z@goo.ne.jp,Male
145,Carol,Young,cyoung40@cam.ac.uk,Female
146,David,Lee,dlee41@uol.com.br,Male
147,Shirley,Ward,sward42@java.com,Female
148,Carol,Morris,cmorris43@prlog.org,Female
149,Jessica,Ray,jray44@nih.gov,Female
150,Gerald,Bishop,gbishop45@qq.com,Male
151,Anne,Mason,amason46@ameblo.jp,Female
152,Douglas,Lynch,dlynch47@canalblog.com,Male
153,Maria,Morgan,mmorgan48@narod.ru,Female
154,Sarah,Miller,smiller49@google.com,Female
155,Jesse,Watson,jwatson4a@google.ca,Male
156,Patricia,Morrison,pmorrison4b@alibaba.com,Female
157,Eric,Austin,eaustin4c@discuz.net,Male
158,Shawn,Phillips,sphillips4d@discuz.net,Male
159,Harold,Watson,hwatson4e@boston.com,Male
160,Joyce,Graham,jgraham4f@shutterfly.com,Female
161,Carlos,Jones,cjones4g@xing.com,Male
162,Adam,Carroll,acarroll4h@smh.com.au,Male
163,Linda,Matthews,lmatthews4i@bloglovin.com,Female
164,Ann,Schmidt,aschmidt4j@ox.ac.uk,Female
165,Michael,Long,mlong4k@multiply.com,Male
166,Terry,Pierce,tpierce4l@opensource.org,Male
167,Keith,Sullivan,ksullivan4m@independent.co.uk,Male
168,Ralph,Allen,rallen4n@alexa.com,Male
169,Shirley,Nelson,snelson4o@blogspot.com,Female
170,Julie,Gonzales,jgonzales4p@bbb.org,Female
171,Wayne,Morgan,wmorgan4q@yahoo.co.jp,Male
172,Jose,Cole,jcole4r@aol.com,Male
173,Rose,Gray,rgray4s@elpais.com,Female
174,Bruce,Rice,brice4t@amazon.co.jp,Male
175,Peter,Jackson,pjackson4u@goo.gl,Male
176,Ann,Perry,aperry4v@archive.org,Female
177,Dennis,Murphy,dmurphy4w@about.me,Male
178,Ruth,Garrett,rgarrett4x@github.io,Female
179,Anthony,Brooks,abrooks4y@marriott.com,Male
180,Edward,Weaver,eweaver4z@foxnews.com,Male
181,Debra,Gilbert,dgilbert50@friendfeed.com,Female
182,Andrew,Hart,ahart51@usnews.com,Male
183,Gloria,Gardner,ggardner52@mtv.com,Female
184,Roger,Lee,rlee53@yellowbook.com,Male
185,Gloria,Bowman,gbowman54@instagram.com,Female
186,Angela,Wright,awright55@wikipedia.org,Female
187,Ernest,Crawford,ecrawford56@google.es,Male
188,Frank,Johnston,fjohnston57@cnet.com,Male
189,Daniel,Wheeler,dwheeler58@posterous.com,Male
190,Evelyn,Parker,eparker59@reuters.com,Female
191,James,Anderson,janderson5a@cornell.edu,Male
192,Eric,Hayes,ehayes5b@imageshack.us,Male
193,Alice,Sanders,asanders5c@jalbum.net,Female
194,Rose,Henderson,rhenderson5d@cam.ac.uk,Female
195,Jose,Ferguson,jferguson5e@newyorker.com,Male
196,Sara,Bishop,sbishop5f@youku.com,Female
197,Samuel,Powell,spowell5g@skyrock.com,Male
198,Teresa,Jenkins,tjenkins5h@tripadvisor.com,Female
199,Alice,Peterson,apeterson5i@squidoo.com,Female
200,Brandon,Richards,brichards5j@samsung.com,Male
201,Ronald,Duncan,rduncan5k@hibu.com,Male
202,Eric,Morales,emorales5l@amazon.co.jp,Male
203,Jeremy,Robertson,jrobertson5m@miitbeian.gov.cn,Male
204,Roy,Wilson,rwilson5n@wikia.com,Male
205,Jeremy,Jenkins,jjenkins5o@tiny.cc,Male
206,Clarence,Young,cyoung5p@constantcontact.com,Male
207,Victor,Kelley,vkelley5q@netvibes.com,Male
208,Brandon,Bradley,bbradley5r@blogspot.com,Male
209,Jennifer,Barnes,jbarnes5s@google.fr,Female
210,Stephen,Willis,swillis5t@github.com,Male
211,Julia,Diaz,jdiaz5u@vimeo.com,Female
212,Terry,Harris,tharris5v@intel.com,Male
213,Cheryl,Mills,cmills5w@blogspot.com,Female
214,Larry,Mccoy,lmccoy5x@histats.com,Male
215,Aaron,Wheeler,awheeler5y@privacy.gov.au,Male
216,Lois,Owens,lowens5z@bandcamp.com,Female
217,Thomas,Weaver,tweaver60@dagondesign.com,Male
218,Emily,Perry,eperry61@gmpg.org,Female
219,Ann,Berry,aberry62@dot.gov,Female
220,Lawrence,Martinez,lmartinez63@booking.com,Male
221,Keith,Evans,kevans64@wix.com,Male
222,Ralph,Gonzales,rgonzales65@barnesandnoble.com,Male
223,Shawn,Little,slittle66@technorati.com,Male
224,Gerald,Stone,gstone67@nytimes.com,Male
225,Eric,Hunt,ehunt68@discovery.com,Male
226,Gregory,Riley,griley69@pbs.org,Male
227,Sandra,Diaz,sdiaz6a@acquirethisname.com,Female
228,Stephen,Baker,sbaker6b@youku.com,Male
229,Gregory,Kennedy,gkennedy6c@creativecommons.org,Male
230,Keith,Jordan,kjordan6d@comcast.net,Male
231,Carol,Price,cprice6e@blinklist.com,Female
232,Kathleen,Carpenter,kcarpenter6f@dagondesign.com,Female
233,Joe,Dixon,jdixon6g@uiuc.edu,Male
234,Paul,Anderson,panderson6h@mit.edu,Male
235,David,Hicks,dhicks6i@webs.com,Male
236,Emily,Williamson,ewilliamson6j@ucoz.ru,Female
237,Ralph,Flores,rflores6k@cnbc.com,Male
238,Cynthia,Morgan,cmorgan6l@seattletimes.com,Female
239,Paul,Jenkins,pjenkins6m@diigo.com,Male
240,Jack,Black,jblack6n@jimdo.com,Male
241,Joseph,Simmons,jsimmons6o@aol.com,Male
242,Jane,Vasquez,jvasquez6p@digg.com,Female
243,William,Weaver,wweaver6q@npr.org,Male
244,Elizabeth,Thompson,ethompson6r@examiner.com,Female
245,Linda,Ruiz,lruiz6s@washington.edu,Female
246,Christina,King,cking6t@angelfire.com,Female
247,Dorothy,Alexander,dalexander6u@hexun.com,Female
248,Shirley,Ramirez,sramirez6v@paginegialle.it,Female
249,Jason,Campbell,jcampbell6w@i2i.jp,Male
250,Helen,Kelly,hkelly6x@mapy.cz,Female
251,Ronald,Gibson,rgibson6y@domainmarket.com,Male
252,Jeremy,Bradley,jbradley6z@illinois.edu,Male
253,Jessica,Palmer,jpalmer70@newsvine.com,Female
254,Albert,Perkins,aperkins71@opensource.org,Male
255,Diane,Martin,dmartin72@abc.net.au,Female
256,Willie,Andrews,wandrews73@t.co,Male
257,Nancy,Fields,nfields74@drupal.org,Female
258,Michelle,Dunn,mdunn75@hao123.com,Female
259,Kathleen,Rodriguez,krodriguez76@time.com,Female
260,Kathleen,Little,klittle77@wisc.edu,Female
261,Martha,Lee,mlee78@ca.gov,Female
262,Tina,Burns,tburns79@epa.gov,Female
263,Howard,Moreno,hmoreno7a@oracle.com,Male
264,Irene,Howard,ihoward7b@unblog.fr,Female
265,Arthur,Kelley,akelley7c@vkontakte.ru,Male
266,Todd,Schmidt,tschmidt7d@bravesites.com,Male
267,Roy,Banks,rbanks7e@upenn.edu,Male
268,Joan,Gutierrez,jgutierrez7f@typepad.com,Female
269,Shawn,Thompson,sthompson7g@smh.com.au,Male
270,Carol,Hernandez,chernandez7h@cnet.com,Female
271,Angela,Duncan,aduncan7i@about.com,Female
272,Doris,Gomez,dgomez7j@slideshare.net,Female
273,Joe,Hall,jhall7k@cam.ac.uk,Male
274,Frank,Chapman,fchapman7l@biglobe.ne.jp,Male
275,Larry,Brooks,lbrooks7m@webeden.co.uk,Male
276,Stephanie,Fields,sfields7n@mlb.com,Female
277,Susan,Gonzalez,sgonzalez7o@engadget.com,Female
278,James,Burns,jburns7p@privacy.gov.au,Male
279,Martin,Davis,mdavis7q@earthlink.net,Male
280,Kathryn,Howard,khoward7r@acquirethisname.com,Female
281,Michelle,Castillo,mcastillo7s@howstuffworks.com,Female
282,Sharon,Woods,swoods7t@berkeley.edu,Female
283,Phyllis,Wright,pwright7u@apache.org,Female
284,Harry,Peterson,hpeterson7v@sbwire.com,Male
285,Janice,Gordon,jgordon7w@cornell.edu,Female
286,Laura,Pierce,lpierce7x@g.co,Female
287,Anna,Montgomery,amontgomery7y@vimeo.com,Female
288,Jose,Long,jlong7z@goo.ne.jp,Male
289,Nicholas,Torres,ntorres80@princeton.edu,Male
290,Carol,Moore,cmoore81@ycombinator.com,Female
291,Amanda,Hunt,ahunt82@epa.gov,Female
292,Johnny,Wilson,jwilson83@thetimes.co.uk,Male
293,Sharon,King,sking84@fotki.com,Female
294,Andrew,Austin,aaustin85@printfriendly.com,Male
295,Diana,Mccoy,dmccoy86@ibm.com,Female
296,Thomas,Burton,tburton87@purevolume.com,Male
297,Angela,Moore,amoore88@paginegialle.it,Female
298,Kimberly,Ray,kray89@deliciousdays.com,Female
299,Johnny,Dixon,jdixon8a@ebay.co.uk,Male
300,Carol,Henry,chenry8b@huffingtonpost.com,Female
301,Elizabeth,Wallace,ewallace8c@symantec.com,Female
302,Lois,Collins,lcollins8d@netscape.com,Female
303,Linda,Palmer,lpalmer8e@amazon.com,Female
304,Angela,Barnes,abarnes8f@bloomberg.com,Female
305,Sean,Welch,swelch8g@toplist.cz,Male
306,Theresa,Daniels,tdaniels8h@sphinn.com,Female
307,Amy,Reed,areed8i@xing.com,Female
308,Jack,Gordon,jgordon8j@ezinearticles.com,Male
309,Benjamin,Montgomery,bmontgomery8k@google.cn,Male
310,Anthony,Arnold,aarnold8l@myspace.com,Male
311,Jose,Oliver,joliver8m@ehow.com,Male
312,Jeremy,Crawford,jcrawford8n@pbs.org,Male
313,Betty,Lane,blane8o@cargocollective.com,Female
314,Kathy,Simpson,ksimpson8p@weebly.com,Female
315,Clarence,Welch,cwelch8q@europa.eu,Male
316,Sandra,Williams,swilliams8r@ted.com,Female
317,Willie,Duncan,wduncan8s@multiply.com,Male
318,Lawrence,Woods,lwoods8t@skype.com,Male
319,Philip,Jacobs,pjacobs8u@trellian.com,Male
320,Janet,Frazier,jfrazier8v@istockphoto.com,Female
321,Justin,Holmes,jholmes8w@ask.com,Male
322,Anna,Mccoy,amccoy8x@amazon.co.jp,Female
323,Jeremy,Kennedy,jkennedy8y@go.com,Male
324,Ronald,Kim,rkim8z@wsj.com,Male
325,Christopher,Davis,cdavis90@pen.io,Male
326,Evelyn,Murphy,emurphy91@answers.com,Female
327,Jane,Oliver,joliver92@xinhuanet.com,Female
328,Arthur,Knight,aknight93@tripadvisor.com,Male
329,Amanda,Lewis,alewis94@hexun.com,Female
330,Doris,Ruiz,druiz95@miibeian.gov.cn,Female
331,Tina,Myers,tmyers96@cam.ac.uk,Female
332,Craig,Freeman,cfreeman97@chron.com,Male
333,Kimberly,Stewart,kstewart98@people.com.cn,Female
334,Richard,Hamilton,rhamilton99@wiley.com,Male
335,Jerry,Ramirez,jramirez9a@simplemachines.org,Male
336,Fred,Hernandez,fhernandez9b@arstechnica.com,Male
337,Scott,Bennett,sbennett9c@wisc.edu,Male
338,Andrew,Gray,agray9d@chicagotribune.com,Male
339,Larry,Walker,lwalker9e@narod.ru,Male
340,Marie,Crawford,mcrawford9f@vk.com,Female
341,Beverly,Snyder,bsnyder9g@mashable.com,Female
342,Peter,Olson,polson9h@pen.io,Male
343,David,Porter,dporter9i@cyberchimps.com,Male
344,Carol,Simmons,csimmons9j@slashdot.org,Female
345,Jimmy,Woods,jwoods9k@epa.gov,Male
346,Daniel,Hansen,dhansen9l@t-online.de,Male
347,Terry,Tucker,ttucker9m@scientificamerican.com,Male
348,Mark,Daniels,mdaniels9n@hibu.com,Male
349,Robin,Gibson,rgibson9o@sitemeter.com,Female
350,Jeffrey,Gray,jgray9p@slashdot.org,Male
351,Margaret,Griffin,mgriffin9q@nationalgeographic.com,Female
352,Phillip,Lynch,plynch9r@cargocollective.com,Male
353,Shirley,Ortiz,sortiz9s@sphinn.com,Female
354,Shirley,Peterson,speterson9t@eepurl.com,Female
355,Daniel,Graham,dgraham9u@dedecms.com,Male
356,Kevin,Morris,kmorris9v@exblog.jp,Male
357,Samuel,Taylor,staylor9w@craigslist.org,Male
358,Johnny,Payne,jpayne9x@i2i.jp,Male
359,Thomas,Dunn,tdunn9y@addtoany.com,Male
360,Jeremy,Gomez,jgomez9z@domainmarket.com,Male
361,Robin,Price,rpricea0@springer.com,Female
362,Peter,Garrett,pgarretta1@trellian.com,Male
363,Scott,Stevens,sstevensa2@discuz.net,Male
364,Theresa,Roberts,trobertsa3@baidu.com,Female
365,Tammy,Lynch,tlyncha4@nyu.edu,Female
366,Eric,Nguyen,enguyena5@unblog.fr,Male
367,Harold,Rivera,hriveraa6@hugedomains.com,Male
368,Arthur,Lopez,alopeza7@yahoo.co.jp,Male
369,Christina,Watkins,cwatkinsa8@google.nl,Female
370,Justin,Harris,jharrisa9@bravesites.com,Male
371,Sharon,Edwards,sedwardsaa@parallels.com,Female
372,Jacqueline,Perez,jperezab@thetimes.co.uk,Female
373,Alan,Weaver,aweaverac@bravesites.com,Male
374,Frank,Moreno,fmorenoad@howstuffworks.com,Male
375,Sharon,Simpson,ssimpsonae@example.com,Female
376,Nicholas,Burton,nburtonaf@goodreads.com,Male
377,Paul,Griffin,pgriffinag@cbsnews.com,Male
378,James,Young,jyoungah@yale.edu,Male
379,Gloria,Medina,gmedinaai@cocolog-nifty.com,Female
380,Roger,Greene,rgreeneaj@va.gov,Male
381,Dennis,Johnson,djohnsonak@ft.com,Male
382,Louis,Hudson,lhudsonal@reverbnation.com,Male
383,Aaron,Daniels,adanielsam@stanford.edu,Male
384,Amy,Fox,afoxan@mail.ru,Female
385,Linda,Mcdonald,lmcdonaldao@networkadvertising.org,Female
386,Ernest,Stanley,estanleyap@yale.edu,Male
387,Norma,Hernandez,nhernandezaq@msn.com,Female
388,Christina,Romero,cromeroar@histats.com,Female
389,Cheryl,Meyer,cmeyeras@paypal.com,Female
390,Charles,Peters,cpetersat@salon.com,Male
391,Michael,Ferguson,mfergusonau@amazon.co.uk,Male
392,Mary,Gray,mgrayav@vk.com,Female
393,Andrea,Mcdonald,amcdonaldaw@1und1.de,Female
394,Linda,Williams,lwilliamsax@telegraph.co.uk,Female
395,Theresa,Fields,tfieldsay@squidoo.com,Female
396,Paul,Lopez,plopezaz@cafepress.com,Male
397,William,Moore,wmooreb0@sbwire.com,Male
398,Aaron,Patterson,apattersonb1@so-net.ne.jp,Male
399,Jacqueline,Andrews,jandrewsb2@huffingtonpost.com,Female
400,Jennifer,Henry,jhenryb3@1und1.de,Female
401,Theresa,James,tjamesb4@comsenz.com,Female
402,Sarah,Tucker,stuckerb5@sohu.com,Female
403,Amy,Lee,aleeb6@jigsy.com,Female
404,Joshua,Morales,jmoralesb7@columbia.edu,Male
405,Evelyn,Johnston,ejohnstonb8@ca.gov,Female
406,Martha,Nelson,mnelsonb9@mashable.com,Female
407,David,Smith,dsmithba@webmd.com,Male
408,Marilyn,Torres,mtorresbb@example.com,Female
409,Joyce,Long,jlongbc@apple.com,Female
410,Marie,Perry,mperrybd@imageshack.us,Female
411,Janice,Allen,jallenbe@topsy.com,Female
412,Annie,Henry,ahenrybf@yolasite.com,Female
413,Pamela,Meyer,pmeyerbg@japanpost.jp,Female
414,Antonio,Gonzalez,agonzalezbh@dell.com,Male
415,Rose,Bennett,rbennettbi@un.org,Female
416,Aaron,Oliver,aoliverbj@de.vu,Male
417,Irene,Bradley,ibradleybk@tripadvisor.com,Female
418,Jennifer,Nguyen,jnguyenbl@ted.com,Female
419,Scott,Arnold,sarnoldbm@ftc.gov,Male
420,Marie,Lawrence,mlawrencebn@studiopress.com,Female
421,Clarence,Bishop,cbishopbo@plala.or.jp,Male
422,Jessica,Hudson,jhudsonbp@google.pl,Female
423,Robert,Burton,rburtonbq@phoca.cz,Male
424,Fred,Gardner,fgardnerbr@time.com,Male
425,Robert,Richardson,rrichardsonbs@senate.gov,Male
426,David,Snyder,dsnyderbt@joomla.org,Male
427,Ryan,Russell,rrussellbu@mashable.com,Male
428,Samuel,Owens,sowensbv@businessinsider.com,Male
429,Carolyn,Mason,cmasonbw@flickr.com,Female
430,Martha,Fernandez,mfernandezbx@ifeng.com,Female
431,Jonathan,Rivera,jriveraby@google.com.au,Male
432,Marie,Shaw,mshawbz@yale.edu,Female
433,Pamela,Hughes,phughesc0@bizjournals.com,Female
434,Adam,Jordan,ajordanc1@marketwatch.com,Male
435,George,Moreno,gmorenoc2@nih.gov,Male
436,Joe,Torres,jtorresc3@ask.com,Male
437,Marie,Green,mgreenc4@example.com,Female
438,Harold,Gibson,hgibsonc5@paypal.com,Male
439,Susan,Turner,sturnerc6@wordpress.org,Female
440,Eric,Riley,erileyc7@samsung.com,Male
441,Steven,Cruz,scruzc8@virginia.edu,Male
442,Harry,Peterson,hpetersonc9@blog.com,Male
443,Anne,Wood,awoodca@webeden.co.uk,Female
444,Harold,Howard,hhowardcb@dell.com,Male
445,Andrew,Bradley,abradleycc@google.co.jp,Male
446,Matthew,Lee,mleecd@gov.uk,Male
447,Henry,Carter,hcarterce@seesaa.net,Male
448,Kathy,Nichols,knicholscf@squidoo.com,Female
449,Julia,Willis,jwilliscg@bizjournals.com,Female
450,Arthur,Cooper,acooperch@google.com.br,Male
451,Ronald,Fernandez,rfernandezci@google.com,Male
452,Billy,Kelley,bkelleycj@amazon.de,Male
453,Samuel,Rice,sriceck@un.org,Male
454,James,Carroll,jcarrollcl@google.com.au,Male
455,Jane,Evans,jevanscm@goodreads.com,Female
456,Joshua,Bailey,jbaileycn@tripadvisor.com,Male
457,Billy,Chapman,bchapmanco@clickbank.net,Male
458,Robert,Powell,rpowellcp@spotify.com,Male
459,Harry,Matthews,hmatthewscq@wufoo.com,Male
460,Melissa,Clark,mclarkcr@wufoo.com,Female
461,Lori,Fox,lfoxcs@tinypic.com,Female
462,Alice,Stephens,astephensct@cbc.ca,Female
463,Richard,Thomas,rthomascu@slate.com,Male
464,Anna,Vasquez,avasquezcv@clickbank.net,Female
465,Kenneth,Kim,kkimcw@google.ca,Male
466,Tammy,Nichols,tnicholscx@sphinn.com,Female
467,David,Watkins,dwatkinscy@usda.gov,Male
468,Jimmy,Burton,jburtoncz@quantcast.com,Male
469,Kathleen,Gordon,kgordond0@geocities.com,Female
470,Scott,Miller,smillerd1@usa.gov,Male
471,Victor,Armstrong,varmstrongd2@mozilla.com,Male
472,Jesse,Schmidt,jschmidtd3@ed.gov,Male
473,Shawn,Nguyen,snguyend4@dedecms.com,Male
474,Christopher,Foster,cfosterd5@who.int,Male
475,Janet,Williamson,jwilliamsond6@opensource.org,Female
476,Phyllis,Foster,pfosterd7@php.net,Female
477,Timothy,Burke,tburked8@indiegogo.com,Male
478,Lawrence,Meyer,lmeyerd9@odnoklassniki.ru,Male
479,Anne,Gonzales,agonzalesda@ucsd.edu,Female
480,Joshua,Hawkins,jhawkinsdb@phoca.cz,Male
481,John,Stephens,jstephensdc@springer.com,Male
482,Larry,Bowman,lbowmandd@elegantthemes.com,Male
483,Melissa,Montgomery,mmontgomeryde@livejournal.com,Female
484,Judith,Fuller,jfullerdf@bigcartel.com,Female
485,Deborah,Foster,dfosterdg@wufoo.com,Female
486,Bonnie,Morales,bmoralesdh@blogs.com,Female
487,Brian,Green,bgreendi@fc2.com,Male
488,Adam,Marshall,amarshalldj@github.io,Male
489,Brenda,Cook,bcookdk@smugmug.com,Female
490,Sharon,Jenkins,sjenkinsdl@dyndns.org,Female
491,Jason,Fuller,jfullerdm@linkedin.com,Male
492,Mark,Lynch,mlynchdn@jugem.jp,Male
493,James,Jacobs,jjacobsdo@unesco.org,Male
494,Joyce,Ward,jwarddp@google.pl,Female
495,Marie,Warren,mwarrendq@elegantthemes.com,Female
496,Willie,Medina,wmedinadr@purevolume.com,Male
497,Phyllis,Reed,preedds@sfgate.com,Female
498,Paula,Cunningham,pcunninghamdt@jalbum.net,Female
499,Lillian,Stewart,lstewartdu@prweb.com,Female
500,Laura,Hamilton,lhamiltondv@irs.gov,Female
501,William,Hawkins,whawkinsdw@blogs.com,Male
502,Clarence,White,cwhitedx@japanpost.jp,Male
503,Keith,Price,kpricedy@cafepress.com,Male
504,Donald,Nichols,dnicholsdz@apple.com,Male
505,Roy,Wagner,rwagnere0@auda.org.au,Male
506,Timothy,Medina,tmedinae1@vimeo.com,Male
507,Stephen,Ellis,sellise2@hao123.com,Male
508,Tammy,Fox,tfoxe3@blog.com,Female
509,Patricia,Wright,pwrighte4@sohu.com,Female
510,Terry,Riley,trileye5@hhs.gov,Male
511,Stephanie,Brown,sbrowne6@paypal.com,Female
512,Kathy,Butler,kbutlere7@skyrock.com,Female
513,Lillian,Jordan,ljordane8@wikipedia.org,Female
514,Daniel,Ryan,dryane9@lulu.com,Male
515,Louis,Cooper,lcooperea@utexas.edu,Male
516,Wanda,Castillo,wcastilloeb@wikipedia.org,Female
517,Ruth,Fisher,rfisherec@de.vu,Female
518,Joseph,Hawkins,jhawkinsed@nba.com,Male
519,Maria,Castillo,mcastilloee@globo.com,Female
520,Bobby,Torres,btorresef@homestead.com,Male
521,Jacqueline,Olson,jolsoneg@ihg.com,Female
522,Pamela,Gray,pgrayeh@flickr.com,Female
523,Paula,Burke,pburkeei@nytimes.com,Female
524,Eric,Stewart,estewartej@vk.com,Male
525,Harry,Bowman,hbowmanek@quantcast.com,Male
526,Patrick,James,pjamesel@utexas.edu,Male
527,Joshua,Freeman,jfreemanem@delicious.com,Male
528,Joshua,Bowman,jbowmanen@hhs.gov,Male
529,Russell,Franklin,rfranklineo@domainmarket.com,Male
530,Gerald,Kennedy,gkennedyep@webs.com,Male
531,Phyllis,Watson,pwatsoneq@samsung.com,Female
532,Emily,Murphy,emurphyer@engadget.com,Female
533,Evelyn,Henderson,ehendersones@hp.com,Female
534,Patricia,Johnson,pjohnsonet@cornell.edu,Female
535,Kenneth,Sanders,ksanderseu@walmart.com,Male
536,Pamela,Knight,pknightev@mediafire.com,Female
537,Donna,Walker,dwalkerew@businessweek.com,Female
538,Jeremy,Evans,jevansex@cbsnews.com,Male
539,Sharon,Miller,smillerey@cornell.edu,Female
540,Bobby,Robinson,brobinsonez@pinterest.com,Male
541,Matthew,Robertson,mrobertsonf0@macromedia.com,Male
542,Sara,Johnston,sjohnstonf1@nyu.edu,Female
543,Roger,Scott,rscottf2@paypal.com,Male
544,Wanda,Wilson,wwilsonf3@nasa.gov,Female
545,Douglas,Lawson,dlawsonf4@g.co,Male
546,Shirley,Scott,sscottf5@facebook.com,Female
547,Donna,Young,dyoungf6@pen.io,Female
548,Russell,Anderson,randersonf7@accuweather.com,Male
549,Antonio,Fowler,afowlerf8@shinystat.com,Male
550,Helen,Williams,hwilliamsf9@cdbaby.com,Female
551,Shirley,Howard,showardfa@hp.com,Female
552,Frances,Rose,frosefb@wordpress.org,Female
553,Philip,Wheeler,pwheelerfc@tmall.com,Male
554,Philip,Hernandez,phernandezfd@themeforest.net,Male
555,Carl,Moreno,cmorenofe@umn.edu,Male
556,Scott,Romero,sromeroff@domainmarket.com,Male
557,Robert,James,rjamesfg@omniture.com,Male
558,Roger,Green,rgreenfh@jigsy.com,Male
559,Julie,Shaw,jshawfi@boston.com,Female
560,Carl,Allen,callenfj@shareasale.com,Male
561,Keith,Welch,kwelchfk@reuters.com,Male
562,Arthur,Garrett,agarrettfl@amazon.co.jp,Male
563,Cheryl,Gomez,cgomezfm@gmpg.org,Female
564,Linda,Mcdonald,lmcdonaldfn@bandcamp.com,Female
565,Lori,Young,lyoungfo@pbs.org,Female
566,Mildred,Flores,mfloresfp@skyrock.com,Female
567,Julia,Knight,jknightfq@sakura.ne.jp,Female
568,Michelle,Anderson,mandersonfr@123-reg.co.uk,Female
569,Linda,Welch,lwelchfs@java.com,Female
570,Cynthia,Taylor,ctaylorft@intel.com,Female
571,Edward,James,ejamesfu@example.com,Male
572,Jack,Hansen,jhansenfv@domainmarket.com,Male
573,Brandon,Dean,bdeanfw@noaa.gov,Male
574,Brian,Owens,bowensfx@craigslist.org,Male
575,Johnny,Cook,jcookfy@tinyurl.com,Male
576,Anne,Simmons,asimmonsfz@wufoo.com,Female
577,Keith,Lane,klaneg0@mashable.com,Male
578,Bonnie,Moreno,bmorenog1@virginia.edu,Female
579,Mark,Snyder,msnyderg2@intel.com,Male
580,Lois,Fuller,lfullerg3@blogtalkradio.com,Female
581,Frank,Baker,fbakerg4@purevolume.com,Male
582,Stephanie,Wood,swoodg5@networksolutions.com,Female
583,Christopher,Barnes,cbarnesg6@oaic.gov.au,Male
584,Angela,Lynch,alynchg7@oracle.com,Female
585,Walter,Murphy,wmurphyg8@nydailynews.com,Male
586,Beverly,Wood,bwoodg9@state.tx.us,Female
587,Cynthia,Flores,cfloresga@deviantart.com,Female
588,Nancy,Howell,nhowellgb@elpais.com,Female
589,Helen,Berry,hberrygc@yelp.com,Female
590,Scott,Ryan,sryangd@is.gd,Male
591,Deborah,Stanley,dstanleyge@ifeng.com,Female
592,Roy,Matthews,rmatthewsgf@g.co,Male
593,Andrea,Johnston,ajohnstongg@rambler.ru,Female
594,Pamela,Moore,pmooregh@toplist.cz,Female
595,William,Porter,wportergi@cnn.com,Male
596,Anthony,Armstrong,aarmstronggj@barnesandnoble.com,Male
597,Ronald,Smith,rsmithgk@loc.gov,Male
598,Earl,Russell,erussellgl@a8.net,Male
599,Phyllis,Daniels,pdanielsgm@ucla.edu,Female
600,Cheryl,Arnold,carnoldgn@hp.com,Female
601,Ruth,Armstrong,rarmstronggo@ibm.com,Female
602,Amanda,Cunningham,acunninghamgp@altervista.org,Female
603,Jerry,Freeman,jfreemangq@about.me,Male
604,Michelle,Carr,mcarrgr@accuweather.com,Female
605,Edward,Rose,erosegs@weibo.com,Male
606,Lori,Hawkins,lhawkinsgt@xinhuanet.com,Female
607,Bruce,Ramirez,bramirezgu@mashable.com,Male
608,Paul,Mendoza,pmendozagv@mapquest.com,Male
609,Donald,Stone,dstonegw@wordpress.org,Male
610,Sean,Fisher,sfishergx@mtv.com,Male
611,Todd,Murphy,tmurphygy@guardian.co.uk,Male
612,Brandon,Ramirez,bramirezgz@whitehouse.gov,Male
613,Barbara,Jones,bjonesh0@guardian.co.uk,Female
614,Sara,Griffin,sgriffinh1@europa.eu,Female
615,Jennifer,Alexander,jalexanderh2@nytimes.com,Female
616,Ashley,Romero,aromeroh3@squarespace.com,Female
617,Pamela,Kelly,pkellyh4@instagram.com,Female
618,Keith,Gonzales,kgonzalesh5@cocolog-nifty.com,Male
619,Paul,Cook,pcookh6@samsung.com,Male
620,Laura,Dixon,ldixonh7@youku.com,Female
621,Gary,Gordon,ggordonh8@google.fr,Male
622,Jose,Roberts,jrobertsh9@merriam-webster.com,Male
623,Linda,Kelley,lkelleyha@google.co.jp,Female
624,Anne,Allen,aallenhb@pinterest.com,Female
625,Martha,Hill,mhillhc@wunderground.com,Female
626,Melissa,Hudson,mhudsonhd@gnu.org,Female
627,Ann,Dixon,adixonhe@multiply.com,Female
628,Wanda,Grant,wgranthf@psu.edu,Female
629,Ralph,Holmes,rholmeshg@ameblo.jp,Male
630,Albert,Murphy,amurphyhh@feedburner.com,Male
631,Jane,Turner,jturnerhi@china.com.cn,Female
632,Terry,Turner,tturnerhj@sbwire.com,Male
633,Maria,Lane,mlanehk@army.mil,Female
634,Wayne,Alexander,walexanderhl@illinois.edu,Male
635,Benjamin,Cruz,bcruzhm@about.me,Male
636,Amy,Alexander,aalexanderhn@earthlink.net,Female
637,Sandra,Burke,sburkeho@wordpress.com,Female
638,Stephen,Coleman,scolemanhp@jalbum.net,Male
639,Ruth,Cooper,rcooperhq@shop-pro.jp,Female
640,Juan,Gonzales,jgonzaleshr@usnews.com,Male
641,Randy,Daniels,rdanielshs@ebay.co.uk,Male
642,Evelyn,Romero,eromeroht@imgur.com,Female
643,Steve,Washington,swashingtonhu@cmu.edu,Male
644,Patrick,Howard,phowardhv@tiny.cc,Male
645,Catherine,Sullivan,csullivanhw@360.cn,Female
646,Steve,Hunt,shunthx@4shared.com,Male
647,Kathy,Elliott,kelliotthy@wp.com,Female
648,Norma,Brooks,nbrookshz@tumblr.com,Female
649,Steven,Richards,srichardsi0@oakley.com,Male
650,Mark,Welch,mwelchi1@g.co,Male
651,Anna,Perez,aperezi2@dot.gov,Female
652,Lillian,Nguyen,lnguyeni3@etsy.com,Female
653,Thomas,Gonzales,tgonzalesi4@wiley.com,Male
654,Robert,Hart,rharti5@google.es,Male
655,Janet,Romero,jromeroi6@dot.gov,Female
656,Raymond,Robertson,rrobertsoni7@ted.com,Male
657,Debra,Lee,dleei8@dmoz.org,Female
658,Marie,Gordon,mgordoni9@cnet.com,Female
659,Catherine,Little,clittleia@github.com,Female
660,Denise,James,djamesib@alibaba.com,Female
661,Paula,Spencer,pspenceric@php.net,Female
662,Carl,Gardner,cgardnerid@rediff.com,Male
663,Gloria,Hughes,ghughesie@dropbox.com,Female
664,Jimmy,Griffin,jgriffinif@theglobeandmail.com,Male
665,Christopher,Smith,csmithig@nature.com,Male
666,Virginia,Nelson,vnelsonih@tamu.edu,Female
667,Norma,Alvarez,nalvarezii@xrea.com,Female
668,Judy,Franklin,jfranklinij@lycos.com,Female
669,Harold,Fernandez,hfernandezik@ucoz.ru,Male
670,Tammy,Bell,tbellil@engadget.com,Female
671,Betty,Perkins,bperkinsim@home.pl,Female
672,Charles,Richardson,crichardsonin@mozilla.org,Male
673,Katherine,Austin,kaustinio@furl.net,Female
674,Sean,Palmer,spalmerip@craigslist.org,Male
675,Nancy,Campbell,ncampbelliq@chicagotribune.com,Female
676,Walter,Carroll,wcarrollir@wsj.com,Male
677,Victor,Simmons,vsimmonsis@blinklist.com,Male
678,Kathryn,Myers,kmyersit@networksolutions.com,Female
679,Arthur,Holmes,aholmesiu@creativecommons.org,Male
680,Carolyn,King,ckingiv@toplist.cz,Female
681,Sandra,Hart,shartiw@archive.org,Female
682,Harry,Stevens,hstevensix@ehow.com,Male
683,Paula,Elliott,pelliottiy@amazon.co.jp,Female
684,Arthur,Gordon,agordoniz@moonfruit.com,Male
685,Cynthia,Ferguson,cfergusonj0@bbb.org,Female
686,Jose,Burke,jburkej1@foxnews.com,Male
687,Janice,Foster,jfosterj2@free.fr,Female
688,Randy,Flores,rfloresj3@uiuc.edu,Male
689,Daniel,Tucker,dtuckerj4@jugem.jp,Male
690,Angela,Adams,aadamsj5@yolasite.com,Female
691,Sharon,Griffin,sgriffinj6@zimbio.com,Female
692,Gloria,Frazier,gfrazierj7@dion.ne.jp,Female
693,Julie,Walker,jwalkerj8@cnet.com,Female
694,Sandra,Fowler,sfowlerj9@t-online.de,Female
695,Frank,Watson,fwatsonja@youtu.be,Male
696,Gregory,Howard,ghowardjb@hostgator.com,Male
697,Patricia,Willis,pwillisjc@vimeo.com,Female
698,Kelly,Clark,kclarkjd@ow.ly,Female
699,Helen,Alvarez,halvarezje@kickstarter.com,Female
700,Gloria,Gomez,ggomezjf@mlb.com,Female
701,Lori,Andrews,landrewsjg@bigcartel.com,Female
702,Norma,Bryant,nbryantjh@instagram.com,Female
703,Sarah,Montgomery,smontgomeryji@usatoday.com,Female
704,Dennis,Frazier,dfrazierjj@unesco.org,Male
705,Louis,Kim,lkimjk@webnode.com,Male
706,Tammy,Romero,tromerojl@yale.edu,Female
707,Jeremy,Watkins,jwatkinsjm@mtv.com,Male
708,Fred,Collins,fcollinsjn@engadget.com,Male
709,Louise,Murphy,lmurphyjo@cbsnews.com,Female
710,Patrick,Reyes,preyesjp@jugem.jp,Male
711,Joan,Kennedy,jkennedyjq@statcounter.com,Female
712,Mark,Rodriguez,mrodriguezjr@tiny.cc,Male
713,Patrick,Griffin,pgriffinjs@youku.com,Male
714,John,Olson,jolsonjt@163.com,Male
715,Justin,Wilson,jwilsonju@newsvine.com,Male
716,Bruce,Carroll,bcarrolljv@sciencedirect.com,Male
717,Andrea,Lee,aleejw@stanford.edu,Female
718,Shirley,Coleman,scolemanjx@naver.com,Female
719,Jack,Duncan,jduncanjy@senate.gov,Male
720,Donna,Young,dyoungjz@bigcartel.com,Female
721,Gerald,Kelly,gkellyk0@reddit.com,Male
722,Virginia,Mitchell,vmitchellk1@forbes.com,Female
723,Jack,Griffin,jgriffink2@msu.edu,Male
724,Rebecca,Palmer,rpalmerk3@facebook.com,Female
725,Victor,Patterson,vpattersonk4@nih.gov,Male
726,Tina,Hamilton,thamiltonk5@google.com.hk,Female
727,Jennifer,Murray,jmurrayk6@china.com.cn,Female
728,Kelly,Fisher,kfisherk7@sciencedaily.com,Female
729,Diane,Garza,dgarzak8@amazon.co.uk,Female
730,Raymond,Greene,rgreenek9@scientificamerican.com,Male
731,Diane,Rivera,driveraka@sbwire.com,Female
732,Earl,Hall,ehallkb@economist.com,Male
733,Victor,Flores,vfloreskc@skype.com,Male
734,Mildred,Jones,mjoneskd@craigslist.org,Female
735,Jessica,Lee,jleeke@prlog.org,Female
736,Angela,Hansen,ahansenkf@mapy.cz,Female
737,Margaret,Reyes,mreyeskg@springer.com,Female
738,Robert,Lopez,rlopezkh@usgs.gov,Male
739,Carolyn,Bishop,cbishopki@4shared.com,Female
740,Beverly,White,bwhitekj@kickstarter.com,Female
741,Rose,Hamilton,rhamiltonkk@123-reg.co.uk,Female
742,Richard,Cook,rcookkl@blogs.com,Male
743,Andrew,Griffin,agriffinkm@google.it,Male
744,Ruby,Moore,rmoorekn@nymag.com,Female
745,Theresa,Gibson,tgibsonko@va.gov,Female
746,Albert,Fisher,afisherkp@wunderground.com,Male
747,Edward,Mitchell,emitchellkq@disqus.com,Male
748,Howard,Johnston,hjohnstonkr@weibo.com,Male
749,Bonnie,Fox,bfoxks@digg.com,Female
750,Patrick,Collins,pcollinskt@ft.com,Male
751,Deborah,Webb,dwebbku@hp.com,Female
752,Elizabeth,Russell,erussellkv@google.nl,Female
753,Bruce,Dixon,bdixonkw@wikia.com,Male
754,Martha,Boyd,mboydkx@slate.com,Female
755,Norma,Wagner,nwagnerky@wired.com,Female
756,Todd,Gordon,tgordonkz@jimdo.com,Male
757,Jonathan,Edwards,jedwardsl0@cnbc.com,Male
758,Phillip,Foster,pfosterl1@pbs.org,Male
759,Christopher,Chapman,cchapmanl2@ft.com,Male
760,Mary,Patterson,mpattersonl3@nymag.com,Female
761,Joan,Stanley,jstanleyl4@comsenz.com,Female
762,Shawn,Meyer,smeyerl5@myspace.com,Male
763,Kathleen,Meyer,kmeyerl6@webeden.co.uk,Female
764,Kenneth,Freeman,kfreemanl7@netvibes.com,Male
765,Diana,Bowman,dbowmanl8@epa.gov,Female
766,Raymond,Stone,rstonel9@discovery.com,Male
767,Irene,Grant,igrantla@amazon.com,Female
768,Katherine,Hall,khalllb@so-net.ne.jp,Female
769,Lori,Castillo,lcastillolc@instagram.com,Female
770,Rose,Moreno,rmorenold@t-online.de,Female
771,Clarence,Shaw,cshawle@acquirethisname.com,Male
772,Gloria,Hernandez,ghernandezlf@bravesites.com,Female
773,Victor,Coleman,vcolemanlg@devhub.com,Male
774,Mildred,Matthews,mmatthewslh@trellian.com,Female
775,John,Wright,jwrightli@umn.edu,Male
776,Chris,Sanders,csanderslj@webeden.co.uk,Male
777,Shirley,Rose,sroselk@google.com.hk,Female
778,Joe,Harvey,jharveyll@fotki.com,Male
779,Paula,Little,plittlelm@howstuffworks.com,Female
780,Diana,Reid,dreidln@drupal.org,Female
781,Cheryl,Stanley,cstanleylo@nature.com,Female
782,Jason,Gray,jgraylp@ibm.com,Male
783,Denise,Sanchez,dsanchezlq@yellowpages.com,Female
784,Larry,Daniels,ldanielslr@chicagotribune.com,Male
785,Earl,Medina,emedinals@soundcloud.com,Male
786,Ann,Moore,amoorelt@cbc.ca,Female
787,Eric,Morgan,emorganlu@google.ru,Male
788,Theresa,Garcia,tgarcialv@networksolutions.com,Female
789,Ronald,Robinson,rrobinsonlw@furl.net,Male
790,Kimberly,Rice,kricelx@bing.com,Female
791,Theresa,Foster,tfosterly@ezinearticles.com,Female
792,Amanda,Rogers,arogerslz@google.com.hk,Female
793,Jose,Harrison,jharrisonm0@mashable.com,Male
794,Ralph,Gomez,rgomezm1@gov.uk,Male
795,Ryan,Peterson,rpetersonm2@theglobeandmail.com,Male
796,Martin,Reynolds,mreynoldsm3@stanford.edu,Male
797,Frank,Perez,fperezm4@jigsy.com,Male
798,Joseph,Coleman,jcolemanm5@elpais.com,Male
799,Deborah,Weaver,dweaverm6@wsj.com,Female
800,Margaret,Ferguson,mfergusonm7@bloglines.com,Female
801,Mildred,Reyes,mreyesm8@archive.org,Female
802,Joe,Stephens,jstephensm9@census.gov,Male
803,Phillip,Russell,prussellma@studiopress.com,Male
804,Anne,Carpenter,acarpentermb@bandcamp.com,Female
805,Patricia,Gonzales,pgonzalesmc@blinklist.com,Female
806,Phyllis,Washington,pwashingtonmd@sina.com.cn,Female
807,Linda,Howell,lhowellme@washingtonpost.com,Female
808,Laura,Ramos,lramosmf@wired.com,Female
809,Sara,Hunter,shuntermg@zdnet.com,Female
810,Dennis,Hamilton,dhamiltonmh@nyu.edu,Male
811,Rebecca,Snyder,rsnydermi@zdnet.com,Female
812,Cheryl,Robertson,crobertsonmj@yellowpages.com,Female
813,Gary,Ellis,gellismk@hubpages.com,Male
814,Amanda,Reyes,areyesml@wix.com,Female
815,Harry,Reed,hreedmm@zimbio.com,Male
816,Bruce,Meyer,bmeyermn@toplist.cz,Male
817,Juan,Little,jlittlemo@nps.gov,Male
818,Gary,King,gkingmp@eventbrite.com,Male
819,Elizabeth,Hamilton,ehamiltonmq@discuz.net,Female
820,Todd,Clark,tclarkmr@mit.edu,Male
821,Donald,Chavez,dchavezms@liveinternet.ru,Male
822,Angela,Rodriguez,arodriguezmt@stanford.edu,Female
823,Paula,Ortiz,portizmu@cafepress.com,Female
824,Jonathan,Franklin,jfranklinmv@trellian.com,Male
825,Carolyn,Rivera,criveramw@hc360.com,Female
826,Stephen,Hudson,shudsonmx@linkedin.com,Male
827,Carlos,Brooks,cbrooksmy@tumblr.com,Male
828,Patricia,Mitchell,pmitchellmz@berkeley.edu,Female
829,Robert,Jones,rjonesn0@tamu.edu,Male
830,Louis,Jones,ljonesn1@harvard.edu,Male
831,Kenneth,Moreno,kmorenon2@rakuten.co.jp,Male
832,Martha,Moore,mmooren3@delicious.com,Female
833,Jack,Morales,jmoralesn4@walmart.com,Male
834,Catherine,Franklin,cfranklinn5@eepurl.com,Female
835,Julia,Hall,jhalln6@cocolog-nifty.com,Female
836,Henry,Thomas,hthomasn7@feedburner.com,Male
837,Tina,King,tkingn8@flavors.me,Female
838,Dorothy,Hart,dhartn9@miibeian.gov.cn,Female
839,Nancy,Castillo,ncastillona@examiner.com,Female
840,George,Gibson,ggibsonnb@elpais.com,Male
841,Julie,Lewis,jlewisnc@parallels.com,Female
842,Louise,Hanson,lhansonnd@jimdo.com,Female
843,Adam,Johnson,ajohnsonne@hao123.com,Male
844,Angela,Medina,amedinanf@patch.com,Female
845,Heather,Parker,hparkerng@live.com,Female
846,Bobby,Hill,bhillnh@cbsnews.com,Male
847,Angela,Cruz,acruzni@gmpg.org,Female
848,Frances,Stewart,fstewartnj@jugem.jp,Female
849,Kathy,Miller,kmillernk@com.com,Female
850,Maria,Hicks,mhicksnl@kickstarter.com,Female
851,Judith,Grant,jgrantnm@cloudflare.com,Female
852,Janet,Baker,jbakernn@foxnews.com,Female
853,Willie,Ortiz,wortizno@netvibes.com,Male
854,Mildred,Kelley,mkelleynp@yahoo.co.jp,Female
855,Gerald,Sanchez,gsancheznq@vistaprint.com,Male
856,Willie,Cole,wcolenr@gnu.org,Male
857,Alice,Gardner,agardnerns@ycombinator.com,Female
858,Martha,Garrett,mgarrettnt@craigslist.org,Female
859,Paula,Morales,pmoralesnu@netscape.com,Female
860,Martin,Simpson,msimpsonnv@studiopress.com,Male
861,Tammy,Turner,tturnernw@unesco.org,Female
862,Stephen,Scott,sscottnx@pen.io,Male
863,Carlos,Stanley,cstanleyny@gnu.org,Male
864,Richard,Montgomery,rmontgomerynz@sciencedirect.com,Male
865,Harold,Bailey,hbaileyo0@livejournal.com,Male
866,William,Roberts,wrobertso1@cornell.edu,Male
867,Judith,Dixon,jdixono2@shop-pro.jp,Female
868,Roger,Fisher,rfishero3@cnbc.com,Male
869,Alice,Evans,aevanso4@geocities.jp,Female
870,Shirley,Lopez,slopezo5@phoca.cz,Female
871,Sandra,Bryant,sbryanto6@surveymonkey.com,Female
872,Rachel,Wright,rwrighto7@storify.com,Female
873,Sarah,Peters,speterso8@woothemes.com,Female
874,Joshua,Robertson,jrobertsono9@toplist.cz,Male
875,Sara,Payne,spayneoa@cafepress.com,Female
876,Justin,Hernandez,jhernandezob@tmall.com,Male
877,Sharon,Brown,sbrownoc@wikia.com,Female
878,Debra,Mills,dmillsod@cbslocal.com,Female
879,Samuel,Burton,sburtonoe@statcounter.com,Male
880,Walter,Dean,wdeanof@feedburner.com,Male
881,Michael,Parker,mparkerog@nasa.gov,Male
882,Betty,Wagner,bwagneroh@acquirethisname.com,Female
883,Marie,Fox,mfoxoi@mail.ru,Female
884,Thomas,Thomas,tthomasoj@weebly.com,Male
885,Marie,Ramirez,mramirezok@tumblr.com,Female
886,Russell,Davis,rdavisol@indiegogo.com,Male
887,Amanda,Carr,acarrom@icq.com,Female
888,Janice,Fisher,jfisheron@pagesperso-orange.fr,Female
889,Lori,Price,lpriceoo@stumbleupon.com,Female
890,Joan,Ross,jrossop@etsy.com,Female
891,Richard,Holmes,rholmesoq@reverbnation.com,Male
892,Bonnie,Ryan,bryanor@sogou.com,Female
893,Joseph,Reed,jreedos@com.com,Male
894,Adam,Reid,areidot@japanpost.jp,Male
895,Kathy,Fowler,kfowlerou@amazonaws.com,Female
896,William,Welch,wwelchov@rakuten.co.jp,Male
897,Annie,Allen,aallenow@usatoday.com,Female
898,Joe,Perry,jperryox@sitemeter.com,Male
899,Gary,Wheeler,gwheeleroy@issuu.com,Male
900,Earl,West,ewestoz@example.com,Male
901,Virginia,Daniels,vdanielsp0@alibaba.com,Female
902,Emily,Jacobs,ejacobsp1@senate.gov,Female
903,Beverly,Willis,bwillisp2@wix.com,Female
904,Bonnie,Dixon,bdixonp3@home.pl,Female
905,Lillian,Rice,lricep4@marketwatch.com,Female
906,Martin,Mccoy,mmccoyp5@infoseek.co.jp,Male
907,David,Morgan,dmorganp6@oracle.com,Male
908,Martha,Payne,mpaynep7@tripadvisor.com,Female
909,Heather,Hernandez,hhernandezp8@who.int,Female
910,Nicholas,Cunningham,ncunninghamp9@liveinternet.ru,Male
911,Kenneth,Ford,kfordpa@examiner.com,Male
912,Roger,Hicks,rhickspb@themeforest.net,Male
913,Jose,Fisher,jfisherpc@mediafire.com,Male
914,Richard,Morrison,rmorrisonpd@usatoday.com,Male
915,Heather,Mitchell,hmitchellpe@xrea.com,Female
916,Janice,Harvey,jharveypf@digg.com,Female
917,Julie,Reed,jreedpg@ezinearticles.com,Female
918,Roy,Burke,rburkeph@dell.com,Male
919,Bobby,Robinson,brobinsonpi@vimeo.com,Male
920,Jeremy,Powell,jpowellpj@thetimes.co.uk,Male
921,Jimmy,Riley,jrileypk@cornell.edu,Male
922,Justin,Bradley,jbradleypl@ocn.ne.jp,Male
923,Judy,Rogers,jrogerspm@columbia.edu,Female
924,Justin,Crawford,jcrawfordpn@weather.com,Male
925,Judith,Mitchell,jmitchellpo@google.ru,Female
926,Sarah,Carter,scarterpp@time.com,Female
927,Raymond,Morales,rmoralespq@blogtalkradio.com,Male
928,Amy,Meyer,ameyerpr@mapy.cz,Female
929,Dennis,Mendoza,dmendozaps@sourceforge.net,Male
930,Cynthia,Carr,ccarrpt@ca.gov,Female
931,Amanda,Bennett,abennettpu@mayoclinic.com,Female
932,Raymond,Banks,rbankspv@typepad.com,Male
933,Juan,Gardner,jgardnerpw@ucla.edu,Male
934,John,Vasquez,jvasquezpx@unicef.org,Male
935,Ashley,Riley,arileypy@accuweather.com,Female
936,Gerald,Mccoy,gmccoypz@slate.com,Male
937,Benjamin,Pierce,bpierceq0@dmoz.org,Male
938,Jennifer,Torres,jtorresq1@i2i.jp,Female
939,Diana,Hall,dhallq2@fastcompany.com,Female
940,Janet,Robertson,jrobertsonq3@independent.co.uk,Female
941,Julie,Garcia,jgarciaq4@ebay.co.uk,Female
942,Alan,Dixon,adixonq5@rakuten.co.jp,Male
943,Terry,George,tgeorgeq6@fda.gov,Male
944,Sharon,Fernandez,sfernandezq7@aboutads.info,Female
945,Karen,Ray,krayq8@psu.edu,Female
946,Katherine,Scott,kscottq9@shutterfly.com,Female
947,Walter,Watson,wwatsonqa@ycombinator.com,Male
948,Anthony,Bennett,abennettqb@tinypic.com,Male
949,Judith,Hall,jhallqc@patch.com,Female
950,Walter,Welch,wwelchqd@nytimes.com,Male
951,Wanda,Rose,wroseqe@jugem.jp,Female
952,Eugene,Carter,ecarterqf@ebay.com,Male
953,Helen,Fuller,hfullerqg@cisco.com,Female
954,Frank,Freeman,ffreemanqh@yellowbook.com,Male
955,Lori,Riley,lrileyqi@photobucket.com,Female
956,Jack,Jenkins,jjenkinsqj@furl.net,Male
957,Keith,Wilson,kwilsonqk@ftc.gov,Male
958,Mary,Rose,mroseql@businesswire.com,Female
959,Alice,Cox,acoxqm@acquirethisname.com,Female
960,Robin,Barnes,rbarnesqn@cbsnews.com,Female
961,Carolyn,Alvarez,calvarezqo@adobe.com,Female
962,Albert,Black,ablackqp@bandcamp.com,Male
963,Fred,Ellis,fellisqq@amazon.co.uk,Male
964,Patrick,Porter,pporterqr@wiley.com,Male
965,Kathleen,Green,kgreenqs@ucsd.edu,Female
966,Jonathan,Peterson,jpetersonqt@360.cn,Male
967,Ryan,Henderson,rhendersonqu@creativecommons.org,Male
968,Jose,Lynch,jlynchqv@w3.org,Male
969,Arthur,Phillips,aphillipsqw@joomla.org,Male
970,Wayne,Garcia,wgarciaqx@yelp.com,Male
971,Karen,Bowman,kbowmanqy@blog.com,Female
972,Steven,Wells,swellsqz@xrea.com,Male
973,Carl,Washington,cwashingtonr0@theglobeandmail.com,Male
974,Michelle,Simpson,msimpsonr1@jiathis.com,Female
975,Katherine,Lopez,klopezr2@quantcast.com,Female
976,Anna,Ramirez,aramirezr3@fc2.com,Female
977,Lawrence,Oliver,loliverr4@ucoz.com,Male
978,Charles,Robertson,crobertsonr5@apple.com,Male
979,Nicole,Richards,nrichardsr6@salon.com,Female
980,Kelly,Little,klittler7@gnu.org,Female
981,Susan,Baker,sbakerr8@whitehouse.gov,Female
982,Jose,Willis,jwillisr9@ucoz.com,Male
983,Theresa,Little,tlittlera@liveinternet.ru,Female
984,Andrew,Fowler,afowlerrb@about.com,Male
985,Mary,Ramirez,mramirezrc@bloglovin.com,Female
986,Donald,King,dkingrd@meetup.com,Male
987,Wanda,Stevens,wstevensre@squidoo.com,Female
988,Janice,Wright,jwrightrf@nyu.edu,Female
989,Karen,Myers,kmyersrg@who.int,Female
990,Adam,Morris,amorrisrh@bandcamp.com,Male
991,Janice,Day,jdayri@stumbleupon.com,Female
992,Katherine,Sanchez,ksanchezrj@examiner.com,Female
993,Fred,Robertson,frobertsonrk@ezinearticles.com,Male
994,Alan,George,ageorgerl@bing.com,Male
995,Raymond,Richardson,rrichardsonrm@independent.co.uk,Male
996,Tammy,Nguyen,tnguyenrn@ucsd.edu,Female
997,Julie,Bradley,jbradleyro@bloglines.com,Female
998,Nicole,Nichols,nnicholsrp@wired.com,Female
999,Angela,Foster,afosterrq@wired.com,Female
1000,Gloria,Kelley,gkelleyrr@yandex.ru,Female
